date_detection,pays,source,titre,themes,date_publication,lien,canal
2026-10-07 09:39,FR,Banque de France,Les banques face aux risques climat et nature : des exigences renforcées,Risques et dépendances,"Mon, 05 Oct 2026 20:05:25 GMT",https://news.google.com/rss/articles/CBMiswFBVV95cUxNYWNpLVgta0M1WTVjaHZBaGpuMExjaTZOMXBGYS0wbVBwalB3dl9PeUNaYS1ZaWlROUhWYmxOSm9vUklzTFIwRVQzLUxjX0RLRUtTSlVyQl93ZHVJR3A2d2xDMGszb19CeTIzOENTYlYxaThsZTBUYkVmeTAtYmNhOHBhUTRzc0N4TW9zd09TczdnUzJHVGJfSksybXkzeGFhT1N4VHh2UzlDblVKbFo3cUlodw?oc=5,site
2026-10-07 09:39,FR,Office français de la biodiversité,Chasse : l'OFB mobilisé pour une pratique sûre et durable,Autres signaux,"Thu, 01 Oct 2026 07:00:00 GMT",https://news.google.com/rss/articles/CBMijAFBVV95cUxOZ1NJclF6N0wwWm9DaW5EUUExU1RZUXJnM0ZjaTN0LVFZUk4zcVU4dXhTMTJjMWVhUjYyMXJKWEx3bFliakw3enNRVDNWWWI2ZmpDVVN0cTltRWtzYldkcGVGLWJtcWZNY0NmNk1sLTNDUXFITndveDZiTGd4Z3NaX0ZUZ0ZqWEpkcnlNMg?oc=5,site
2026-10-07 09:39,FR,Office français de la biodiversité,Un incident de sécurité identifié sur l’application Permis de chasser,Autres signaux,"Fri, 02 Oct 2026 07:00:00 GMT",https://news.google.com/rss/articles/CBMinwFBVV95cUxQamh1WENsaW9zU0oya0tuSC1CMU9BeVU5UDB5MTdDMTJ2VnAxNU1tQnJial9JY25FOWxvTlhjblVKTlFrc3VkY1o5UFViVE5uTld0ck1pSXQyc2ptQnVRV0VFSVhSd3JJakpVOV9McGNZQTVTWlZwdEZ6NHRvc2FoVy1lV0dObkROYU1TdXhyb3NxTXJkV1lUN1NEMkFzV2c?oc=5,site
2026-10-07 09:39,FR,Office français de la biodiversité,"L'expérience de nature en aires protégées. Construire une culture commune. Forum des gestionnaires d’aires protégées, 18 et 19 novembre 2025",Autres signaux,"Fri, 02 Oct 2026 11:04:17 GMT",https://news.google.com/rss/articles/CBMiugFBVV95cUxNSkt2WjQ1UllTbHFxUFh3NG01RGJHOW0wZXJ2SVV3NU1XR3pEb1ZGZGZaYmpMZFZCNWREczdXUkpWaFRJc3p5VDlTT2h6WHphZTU2aFlZbHViQ0g1WGpjSUlhcFFORjdwc1VaWWFzSzVUYm5WbkZGZ2MwUG5iTkdWdjFXX1VGVk9MNk95aU94SmZjb1EyeDYzTldJU0pUZDJnVUpheTRvd3FCQ0pkN3FVc2pPZUdaaVVqZmc?oc=5,site
2026-10-07 09:39,FR,Office français de la biodiversité,Évolution du statut de menace des espèces en France - L’Indice Liste rouge global pour la France,Autres signaux,"Mon, 05 Oct 2026 09:36:17 GMT",https://news.google.com/rss/articles/CBMitwFBVV95cUxOaGc4WW5GZEEtclZJLTg0eVkyNFRVaWh2cWpiSnRFa2NMaTV4QjlXM1diWjFTWXJnZHZSeVZ1SGFfcFpMUTBGdnlCNVRaa2xoUFFoNmxtM0xPa3VEQV85clpJT3N6elBrQm5oQnNvendjT1VHdEY1QnFhcEl4ZzJfcU1xUTFzM1Mxc0RQM0JRd1hVSDVLM2lUZlQxTW02VEwwUVRUM25leUtCby1JVldUMVA4ZFB1WTQ?oc=5,site
2026-10-07 09:39,FR,Office français de la biodiversité,Assises régionales de l'Éducation à l'Environnement et au Développement Durable,Autres signaux,"Fri, 02 Oct 2026 09:21:39 GMT",https://news.google.com/rss/articles/CBMiqgFBVV95cUxPQURmV0hibXJNem5vbVRTOGIyamtmVlA5OEF2aWU4a1JQSzhBYk1qUGpUNlNsTVhxM0ltV19qWUEybXBGTjNDQUdJdHpnWnIwU2huRGpQZ0FlMWhGRERLS3h0V0twcVVqbzhoaE1Cc0ZIU3F0TERlYjN5N2dsZGlXOU1PY2tDV3VZaTZiQjJvWlkweDNxamlFQnFNSTJfakcwTEd0TXktUndCUQ?oc=5,site
2026-10-07 09:39,FR,Office français de la biodiversité,Dix ans d'Agences régionales de la biodiversité,Autres signaux,"Thu, 01 Oct 2026 14:26:54 GMT",https://news.google.com/rss/articles/CBMiggFBVV95cUxPSEhLY3NMOGJTMWdrb0xYNldiX2lQSkVrYWpmb1o1bVpaRjlLZnlMZllsRnlHY1YtVzhrSHdvZU85YkJpUTBYTFNiZnFTOUNmU1h4MGliT1B5aWZPMndUZEFHeFhraFFHLXhvYTVSbmVheVQwQUJRREkzMFc1aTB4R2NB?oc=5,site
2026-10-07 09:39,FR,Office français de la biodiversité,concours « capitale de la biodiversite » : 6 territoires laureats pour leur action de restauration de la nature,Solutions fondées sur la nature,"Mon, 05 Oct 2026 14:19:57 GMT",https://news.google.com/rss/articles/CBMixwFBVV95cUxPVUVNRVFfQnk0c1pVZmlUUHlaQUNnWEVsV1VXRHB5YmhSMEs0c3pJcnE1UklJY09EU2NiRXJkU0lIb2xWMlpPWmVfZ2o0MGJnMVV6R3EzTGdQbldKNlpqWlNPMEJKSEIxOUVyX29SQllnSGM2alJRcHAwU1dxVnB6MzhQTzhtZGRSSzViZHpLTHdlMENCdjJwcGJ2NnAyeEphaE1HLUxFY2JlS0J5YjdNd3YteGdlVzJWQXdZMW9tdmkyczRHclhr?oc=5,site
2026-10-07 09:39,FR,Ministère de la Transition écologique,Déclaration franco-espagnole sur l'Océan et la Pêche,Autres signaux,"Thu, 01 Oct 2026 15:39:29 GMT",https://news.google.com/rss/articles/CBMigwFBVV95cUxPd2g1cHRfSTVCRkZPRklDMnl3aHFiRS1jU2hDOGVkZUdaLUNJNXJ0SXVjRGVXMUwxRnVJQnhZbkRzc29CODQxeGIzMEZEZEZwWktQT29zdTN2ckgwT3IwTFhjWnZvLVNnTnNrQ3ZuQWVJNE1lQmNYYjd3WXhnTVVHQWM1Zw?oc=5,site
2026-10-07 09:39,UK,JNCC,New Science Impact Strategy launched to drive urgent action for nature,Autres signaux,"Mon, 05 Oct 2026 16:23:22 GMT",https://news.google.com/rss/articles/CBMiakFVX3lxTE9UbWxSZTRCTi1wSUwzSV9DZGxyMzlEVWRUcGxkUnZkaGhSN285UHhHZi1xUV9RNXBNNjFhM1dwVWpCU25Ya1FVWThXTXR1Z3ZpTmJtYnRuZnZmRWctQTI1WWVRUTVyMENGbEE?oc=5,site
2026-10-07 09:39,UK,JNCC,Bridging the evidence gap for marine mammals: the growing impact of the JNCC and ORCA partnership,Autres signaux,"Fri, 02 Oct 2026 10:42:38 GMT",https://news.google.com/rss/articles/CBMigwFBVV95cUxPYVBXanAzY0F4QVNUbWJBTS1xb0JBYkVkUXNMT282VlVEdHM3eW1kUUhoc2pzVjlrcFktbGhHTnU0N3RCMXlQUnNleUNHak9DQ2pMeWRSTV9uaGl2c2xoWHRtbnRLc21nT2dYNXlFSXJLZDJ2UDFvRnp2LUhZUjBwcy1xMA?oc=5,site
2026-10-07 09:39,UK,JNCC,International Geodiversity Day 2026: Geodiversity on our Doorstep,Autres signaux,"Tue, 06 Oct 2026 07:43:24 GMT",https://news.google.com/rss/articles/CBMibkFVX3lxTE10WEttNmQ2UmFITE4yQjRhM2lhdTFhbjR2N0sydFdQdlNJSDloSk9SSmtIRjYzeEhxcmVIZF9FR1hGeC1PNU5rTk0wdG81dVMwdkFwbmU0MVh3SHlaWDJKM2VIdWNSVTVFbl9lSXNn?oc=5,site
2026-10-07 09:39,INT,Finance for Biodiversity Foundation,FfB Foundation COP17 delegation,Cadre mondial et science,"Wed, 30 Sep 2026 11:40:04 GMT",https://news.google.com/rss/articles/CBMilAFBVV95cUxQWVBEcEo3TGJBNE5LQTRYb3ZwUkFubnNKcVVldm1od1Jza010VjFHckEtQmRDSHhFOWtNQy1Tbjg3aWVtUHpXQnlKeldSTFR1T0h6ci1GUXM3WkJ6aDBXdm0xRXd5cTVMakkxTFZSS2h2Ylk3VER3OXMzU3V1TDluLTVmRkNFLTZUb295NFdzZjg0TXRr?oc=5,site
2026-10-07 09:39,INT,IPBES,27th meetings of the IPBES MEP and Bureau,Cadre mondial et science,"Wed, 30 Sep 2026 15:04:29 +0000",https://www.ipbes.net/events/27th-meetings-ipbes-mep-and-bureau,rss
2026-10-07 09:39,INT,Convention sur la diversité biologique,- Convention on Biological Diversity,Autres signaux,"Sun, 04 Oct 2026 16:54:27 GMT",https://news.google.com/rss/articles/CBMiN0FVX3lxTE1OY1VseDlXREVOOGg1ZC1MbEVReHVpdm1GOXg2V3hwSFBTY2N6UzVsek5DS095cHc?oc=5,site
2026-10-07 09:39,INT,Business for Nature,The trillion-dollar opportunity: An open letter from businesses and financial institutions to governments on incentive reform,Autres signaux,"Tue, 06 Oct 2026 12:39:11 GMT",https://news.google.com/rss/articles/CBMifkFVX3lxTE9uTnZuQlFqel9lT3VFSjljSWkzTUp0cVJUZkhMSm1jbE15NFBDWDBlRjdoSnA2QzJ5WWwtOTNiS3Z6Mlp4S0xZVVloUzJUSXM0U2k3Tkd5UXNJa1F5ZVVFTF9wdzMwb3kzalpOYmpnTng1NW1EbVBuUVRNT29xZw?oc=5,site
2026-10-07 09:39,INT,Environmental Finance,From biodiversity screening to PS6 alignment: supporting informed project finance decisions,Autres signaux,"Tue, 06 Oct 2026 19:06:49 GMT",https://news.google.com/rss/articles/CBMi7AFBVV95cUxQUlo5NE52TjV1ZVI0dFBDclNncjRYeURzdWE0YUIyNXFBWjVJWVJWN3dhZXVCMVBQMUFKeXJISlc4MzNrY2xzM0dxQ1A3bEZaSFhzYjFpVElrcTNMR1ZVOVlJZmplZWljUFkwVTR6ZlBmNzRsazNVZk9KalhheUZjNV9Cd1Y0RnBHekxqRm5TZ19ud1FlSjRXaU1KR0EzMkcxdHNDemsyU2dVRldvN00wbUIxQzJiVXljYklVNGtqbzJiekdxNTY5d1c5Y0I3OVBDRlBQX3BWaG85SkFCN1FxOUJVaDlldFQxeHlmQw?oc=5,site
2026-10-07 09:39,FR,Carenews (articles fonds et fondations),« Solidaires avec nos paysans » : Le Fonds de dotation Biocoop mobilisé aux côtés de l’association Solidarité Paysans,Instruments et marchés,"Tue, 06 Oct 2026 07:00:59 GMT",https://news.google.com/rss/articles/CBMivgFBVV95cUxNUi1hcHRvVW1MX0h5TENzQy03dkRpNWxyZmpOdDBLV3VnVmNHdC1SbnZHYVRTMFdxT1YyazR1bGlRczU5UFE3d2NoSTB1emNaVElLSmdZX2N4WklWczVoVUVyRzlJYzZaMVRrc2NBcHpQM20tTzB3aG00NVlRYUIyMmNRc25CalhTN0FZVm9UTzhRZVNkNkJndzhvWnVYbjdYak5lNWZOeWlMcHlfWVlPVjNQSTBRTG0zRkhUdlNB?oc=5,site
2026-10-07 09:39,FR,Carenews (articles fonds et fondations),Service Civique Écologique : comment les CPIE contribuent à l’engagement des jeunes dans les ruralités,Autres signaux,"Wed, 07 Oct 2026 08:15:47 GMT",https://news.google.com/rss/articles/CBMivwFBVV95cUxQeTZyNWUxUHpuRGc2QlBzUnBUS2U1TnYyZW5jVktHWnBFZS1lcjYya3VlaWt1T3Q4RHhrbHRuczNZeUc4aXJqTlFSbUtycjl2dVVfY3JSc1ozNzVXLVNWZDdJb0puLVJhVlVZYXBwUDBTUFkwdWYxMVlkeUdjRko4WWJnSVhKYU9oOGY3cVd5YzFaaUYxdmJTYXRFcUtpdUludm54VFA0VWgzQUtCNTNhRHA2ckU2TlJLT3dOVXptTQ?oc=5,site
2026-10-07 09:39,FR,Carenews (articles fonds et fondations),"Eaux, ressources, climat : les impacts environnementaux de l’IA détaillés",Autres signaux,"Wed, 30 Sep 2026 10:00:59 GMT",https://news.google.com/rss/articles/CBMiswFBVV95cUxNQm5oQ0pjX21vdEpjOWZxblRpenl2NjQxVFRZVnc5RFpuNFpuWmNmQTUxNW9peTNHZnEycmU1cms4TWRHd3lnTnZQX214eDlhUVlLNEJsbndJdk5lQ29qOWtHMmdyMFcyMGhFQVoxZWhpSFZiUDhNbUI0TFprTVdHRzhkVGZ3ZG1XUGgyamhMNldzOTV3dWg2dGt1OUNTX3hiemplYVVuUFQ4UHZxcU9FN2NQUQ?oc=5,site
2026-10-07 09:39,FR,Finance et Investissement,Le Canada tarde à adopter les rapports sur les risques naturels,Risques et dépendances,"Tue, 06 Oct 2026 14:42:33 GMT",https://news.google.com/rss/articles/CBMitAFBVV95cUxPNVdEWHZ4dDdQU2VvSUN2U3o1c1J3SGhJS0hDWGdRRUd6azMyMzhzWUNicGoyOUhzcFQtU1ZsU2RkSGJuMEpWdmtmYng1MlRLVkVNaGZveEtCZlhZR2V5cjNleHBCWHR1WU5qZjhjRFpSRzBFMzIxdUwtc2NjdVpNX0Zhd2hta1Z5QS1yNDlkSG1MMmJtUGNkM0U5TnVHbzR3NVJ0eDdKRkl6T0JLUU5keXVIZXM?oc=5,zone
2026-10-07 09:39,FR,Carbone 4,"L'érosion des écosystèmes, de grosses conséquences pour les banques",Autres signaux,"Tue, 06 Oct 2026 20:26:52 GMT",https://news.google.com/rss/articles/CBMioAFBVV95cUxNVDBzUnRNbjVQQV9WdlFHMVZEc1RHcnJ0N3RURVZ3ekl3THg3WU9SZ2s1VnlTTkJKQ1FXY2dSLWNKblpDcG51X0RncFpCUDhTTFhTcnI3WUpFVnk1S1lYdWlielBJNnROelZsOWNvY3hzdWV2XzRNelNmZmhpOVZkUkk2YnlZdUFUOWx2ejkzblcwSmNKeTEwc3diUEwxRmhi?oc=5,zone
2026-10-07 09:39,FR,Les Amis de la Terre,Les banques européennes refusent de protéger la biodiversité face aux énergies fossiles,Autres signaux,"Mon, 05 Oct 2026 11:59:11 GMT",https://news.google.com/rss/articles/CBMiugFBVV95cUxQZ2VfWm5HUG5wTW85V3I0ZnY1VGw5dlFuVVlydEZBUXc2Wk1TZGR1eEJOWnVWMlFjVl82VzlsaVRhUmQ3WVFNN3pZMUxfZkxaTmZJVzFkUF8xRHBLT3NjcElIYlYxRGNDR0FhRVZVWWRIeVQ2U1AzSW8xWUFRUDRGOTVsYmlKWFRkd3VQcktUZld6SFdFX2FERVhwUFRmUDl6WFdfSWdHOERtT05ma2J2dnRxQlF6Mi1ia3c?oc=5,zone
2026-10-07 09:39,FR,L'Info Durable,Arménie : la COP17 biodiversité sous haute tension à Erevan,Cadre mondial et science,"Sat, 03 Oct 2026 08:00:00 GMT",https://news.google.com/rss/articles/CBMimwFBVV95cUxNZThPeWNVRmNFeUF6S05NckZVeHRya19Hd0lRdzhNUnpra1I5eEplTl8yYTE0SURtd3BIdEdoaGtuYVVDTjdfLUd0RnRZNmhicEtmMElKTHV6MjlUZ19UOUJzYWJsaThWNWZQQzFORWNTbnlFUlBGNl9jaWprbTRXenVJSHlkNnBVMUpJay14dHprS0tKRnpDZ3M4QQ?oc=5,zone
2026-10-07 09:39,FR,La Montagne,Fondation le Pal Nature : des actions en faveur de la biodiversité partout sur la planète,Autres signaux,"Thu, 01 Oct 2026 05:05:00 GMT",https://news.google.com/rss/articles/CBMi9gFBVV95cUxNakpyc1pSUUtvN3Y0MjkwNDBQMERMLWhUbWVHMDRjLWtIRE9BZUhDOUtIS1V1dEpuOWNHNXlMTlZHd1VZQXljR0xZYWFHblZNUnNjTEhuanBLUGNLLTY3ZE5hYUR2WnJUQllsZ2NwNDlXekxybGxXZ0c2cXpGSVRwd0UySlRJRU1naUpoOVgtWThsU1NWX3dHQ0JCN0U1QWM5MXhkWjAtOWVSM01ENUZGdTV0dVRXVUVENk1QTEZULXNRUEl6bVVLMW9RUVZXTWNGZlpmTm1ORlV0dmdKV0xFaW1hcHJ5a3FMLW5kZjVuejljZ2t3WkE?oc=5,zone
2026-10-07 09:39,FR,African Development Bank Group,CBD COP17 : le Groupe de la Banque africaine de développement s’engagera en faveur du financement de la biodiversité,Instruments et marchés | Cadre mondial et science,"Tue, 06 Oct 2026 17:35:15 GMT",https://news.google.com/rss/articles/CBMiogFBVV95cUxNeXMxcTU4Q0pjN1Q4T1dhTHo1UC1xZmJYMmV1alRxd0pXQnVUMDluZG00RHlSSFhTbXVSY21tWXJ5dlBpSXZMYTFrYUJ6Y0ZmTWNNR2JCVUlsU1hRT1MwTzV6MXNwVHg2YlpLUVV0ZHo1ZHdYNjlMclFlQWpPSEZFUElqWm9ncVlreUpGVXJsa2RKY0tMVjRNZU5pVkhyY2NVZEE?oc=5,zone
2026-10-07 09:39,FR,ladepeche.fr,"Tarbes va devenir la première grande ville d'Occitanie à réaliser son atlas de la biodiversité communale : ""On ne protège que ce qu'on connaît""",Autres signaux,"Wed, 30 Sep 2026 13:54:00 GMT",https://news.google.com/rss/articles/CBMilAJBVV95cUxQQ080b0RkSUt6T3RqQ2FOemlfZW5kLU5vdV9aODZmZ2N2TWhvVVNVdVZqZDlGNXlJRVdKd2RuS1NFV2ZsOXZUQVIwb3lCY1pueTJYYnhKMXAyZWkwMGVkSlB4RzAwUWQzU19QU1dRaXVOWllCbTE0S2Frc3FGelBsbjNDcDdxamdVMk0yeEdiWHg4STFKYWE0aU1iNTJHTlI4QUtlQ2t4NHhZU1ljUkdyb1lnZzQtdG9NSHNSTWVONmhLNHJ1NFBMczY2bjZyd3I2R0h1MmpoaW5qNy14c1BsTFk4bkxpLUlYWlUtU1M4RWEyOUludGotQUNSZTEtV3RpYzBXVTJjR1RxVm91aC1EWmZxTjg?oc=5,zone
2026-10-07 09:39,FR,Leman bleu,Genève va injecter 15 millions pour soutenir la biodiversité,Autres signaux,"Fri, 02 Oct 2026 18:02:00 GMT",https://news.google.com/rss/articles/CBMisAFBVV95cUxPOE5CM1RsWWVjbVpWTHFlNmxndVRVbnNDaEcwaUxoQkJLMXplUHNMUzJsMzNkN1NfV0xaa2dUNmJHZnN2enJjWTY2QzdBQVUzVXh5TVVTQUY5S2ZkeWFhZGVDTFJFYnN4NWh3OHM3anRZWWJPVEI3eHluMGdGSUpwb0FOaVZFbHlXRFFidEVzWWVwNVhVcmN6blhHOWY1aWd3TllqMnlVbURJZnlGU3RGRQ?oc=5,zone
2026-10-07 09:39,FR,Afrik,"Forêt des zones arides : le maillon oublié de la finance climatique, selon la FAO",Autres signaux,"Fri, 02 Oct 2026 18:52:57 GMT",https://news.google.com/rss/articles/CBMiogFBVV95cUxQQndaaDVaMTAzNVBhRkNiVVYyNlVjanpBYXRFdlpQTVAyTXhydjNIQzdqUlVDdTl3aF9faUgwWXkzRmN3UTZneVo1MjZSV2xwc3gzelU4bF90VnpRRjk3dXpyRHVMYW5Db2xCeXdQbnBjTHNkLWlxalFiQm9IWWVJakJ1UktTSjNJZ082NVI2SEp1TDdhMFY0dDNqSGM5a24tTXc?oc=5,zone
2026-10-07 09:39,FR,L'Info Durable,Forêts: une mortalité qui a plus que doublé depuis 20 ans en France,Autres signaux,"Wed, 07 Oct 2026 08:47:00 GMT",https://news.google.com/rss/articles/CBMisAFBVV95cUxNaTFpOGU4MWV3RlNxX3pyU0FXQ3NGN0FsY2tFZEpxci1RYmd2RmtXS1ozUDM3TUp4V05lS2lfQnRQM2l5aE5BZDdIVkZkay12ckJLY1J2NXluNUpheGRONkh6SnRwcHFsMXNfYjg1cVctdVZ6VG51QWZPYVgwelIzeWZBWGxSQS0tRzdhTUlVdkN5QW9GTDZXSnpyNkl6WUp2M1ZCZHpleDdqTTc2M1hYQw?oc=5,zone
2026-10-07 09:39,FR,ladepeche.fr,Ramonville-Saint-Agne. Un territoire engagé pour la nature,Autres signaux,"Sun, 04 Oct 2026 03:13:00 GMT",https://news.google.com/rss/articles/CBMijAFBVV95cUxQREV3bjd4czZsOW9ScVN0eE9yQjZBVGdxWWhSRWlGbEhJZlU2STdwYW51ZkkxZHNHNVFRZ2I0dXpHTEhxRUlGZm5VX1BSUFVhTzIzMC1ObUJPanBETlU1di1iTHZKeFVGR2NCUXF1LTFvdENWSExldmRUek03NEFkTDRvbEctMzRJR3ZBOQ?oc=5,zone
2026-10-07 09:39,FR,Le Nouvelliste,Le MdE organise trois journées d’atelier sur l’élaboration du 7ᵉ Rapport sur la biodiversité,Autres signaux,"Tue, 06 Oct 2026 18:39:21 GMT",https://news.google.com/rss/articles/CBMiygFBVV95cUxQeGlpTy1BYWpKb01ZblVMM21zT09MQnAzYkZfZnZxaGNrTGdCWDRoTlkwenBwR3VvSWx1V2ZLeTEyUkd1dXpvYUtacDB6dGw2WHpKdEg3WHJzZVFnN1dqbjBWdkZfQjJuVW9hSTh1RE90SGtQb3U3Y3hLZTg4N1l0WXBXTUFfWUQxRWs1YUxycnp0czBVajRRWHdQZWtmb1hENDNDcnlNZzVRY24ybWdLOWthUWt1THZ2VnZhYUQwM1pTMTBYcWJWNmVn?oc=5,zone
2026-10-07 09:39,FR,Le Moniteur,Yvelines : le GIP Seine & Yvelines Environnement va recevoir le premier agrément francilien pour un secteur de la plaine de Chanteloup dans le cadre des nouveaux sites France Crédit Biodiversité,Instruments et marchés,"Wed, 30 Sep 2026 15:00:00 GMT",https://news.google.com/rss/articles/CBMi9gJBVV95cUxPZmxfeXVOZ0IycWxpT2VYNnpONFRNVVNYOXJmVWxHcG9nZ0tuU3dhQlpObndwYXQ3X2o5N1JvbDJ5YWhYNThWakxyS2hiUDhzYjREMzBMV3NHeDd0YVNtX2VaUjNYb3p2UlhSbEQ4RERjeE1yZC1BcHhfdWgtVXdMbjNqS2tMN3lQY0ZaNkF4R3c1UTl2SG5VVFloVnU2S1NPUFJ2bUJMMk9VVGg0b0RTRzF0bkd6OXlpa01XMmhPbnBEeTBVLXBjM0FINERUeFAyQ000cUZfNUpTUUVKelVsRm9lLWlLRWhXRERnYjhfZDJLRXp4SDlxeDQyRE56RmQ2MThEbjByVG1yXzdPbUdoY3drZkk2UU4xWUhibE5VMzVmZkhnOU5VbzNvakFneUpiN2p0eXhtS3ZfLXliZkc2M1hlUjhLNGZvMWtoSnplR1NQeExGRllTZHhzbmNSUXAwN1I2QU84Q2RXZ2VaSldNWFNoLTRsZw?oc=5,zone
2026-10-07 09:39,FR,Crédit Agricole,Le Crédit Agricole lance Crédit Agricole Capital Naturel,Autres signaux,"Thu, 01 Oct 2026 08:55:30 GMT",https://news.google.com/rss/articles/CBMi-AFBVV95cUxNWDVlZ1prV0hjN1ZHZjVUQnZkRXFYeFRGWUN0OXF4b2ZteDBwc2hkZEdZR2xCRnJLS3dkQ2FyektDODBkNjFRd0NYT0ttZ2stUW52R1ppUndha0NMRGVvTElKRlEtTG4wc0lYbnlJMnFHTkFsa0Fxa05RTUhCVXdLNG1YQ1NjcmppYzBFdi0tV3pMUTlJemtlNzFwOHNxZ3JpNEpwel9leHg3d0FJLXd2YkR0al9tTFVhSVRMSTBFZmNLUnhYVk4tWDUxYUVsSVVkMVhyWVhVMTk1TFZSNldnOEd0aWlOcUpvMzRLeC1MYUZNRmt5YkNYYQ?oc=5,zone
2026-10-07 09:39,FR,African Development Bank Group,Le Groupe de la Banque africaine de développement organise l’édition 2026 du Forum africain des politiques sur le capital naturel,Autres signaux,"Thu, 01 Oct 2026 17:04:27 GMT",https://news.google.com/rss/articles/CBMijgJBVV95cUxOS0pmcUs0bDJlRGtES2N6bEw2aFoyNi1aN3JDRjhXdGVta3d4YXlSV05SNFU5MS1qelhCT3dtMXZ1MmM2RVoyMlotNG4xY3d4VmNsVmFodnlUeTI3MlU3WGlpWFdfczB3ajdlbmJJcndVSmN5ZG1ReUpRcnRHY0NKckV3MTZ0Y3VGdXNhRmo5MXliQ0g1Yzc4WWEtOW9tRGVHLWNpNTFUY181TFo1cHlWdDJOVXUxZ3h6b1ZVRXJaV3lCSzRaZ2ptbkpSMDJiVS1FREFYNzNWX3pHa0wzemg5bS1HdndHMVRpT29qOXJKV2FKOTFHS3FSVm14a185ZThxZWprcTI1OGVVaTlacnc?oc=5,zone
2026-10-07 09:39,FR,- Gomet',Le Crédit Agricole lance un nouveau pôle dédié au capital naturel,Autres signaux,"Wed, 30 Sep 2026 16:01:01 GMT",https://news.google.com/rss/articles/CBMicEFVX3lxTFBUVEcwUnVPUUVvaFlfZkh0cGVNeVFqVVFaWEVvZHdUSTVxcmt4TFZWUFMwZ2FKbExxZm1SVEkzS2lnekpQd041ejRXOGxidXNpZWxnWDV1NmxZc2xOdnY1THpVbGo2azcxZTQ0SHBRNzU?oc=5,zone
2026-10-07 09:39,FR,Marcelle.media,Chiffrer la nature pour enfin la prendre en compte ?,Autres signaux,"Fri, 02 Oct 2026 04:02:24 GMT",https://news.google.com/rss/articles/CBMihAFBVV95cUxQdUZ5YklIZ1FwN19QMnJTeFRzOXVZblhzX1RPVTBERFhrNXhYc09oeHZJMDZ6SzdQcFhrbkppVWhwcGVuaGtSOHNESGp6ZjNWXzRTbERYdkpUTmZjNzBUVThkT2VGM0I5andaSlZuQ2Y1TnFSSEZqOUgwSjJndlpGRmZGX3Y?oc=5,zone
2026-10-07 09:39,FR,Financial Afrik,"Cameroun : à l’Est, le capital naturel cherche son modèle de financement",Instruments et marchés,"Sat, 03 Oct 2026 19:15:17 GMT",https://news.google.com/rss/articles/CBMisAFBVV95cUxPWlhNWEdnOWY5ZWRkcHJGNjBoU1BLRVdnUlE4WnJKRDBzWG1IbjlFMWVUbFJ1Qktqb0d2MUIzUWV0OEFwUGhtLUYxOGd6MkNWX3VaTE84RnpXLXhHb1lvbHpDRW9QVmVPYUt3VVZBeHVXYXJ6UGdmMkRtOHkteWtMcTloSkdUQWhZMnVKSy1aVUNFMEdOU3czbktaZTBFaTNHUHVfb0k1UEtNUTNMU0xsOA?oc=5,zone
2026-10-07 09:39,UE,ENDS Europe,How nature restoration can help Europe prevent wildfires,Solutions fondées sur la nature,"Thu, 01 Oct 2026 09:39:32 GMT",https://news.google.com/rss/articles/CBMilgFBVV95cUxOWUtXUlAwV2Zua1lkUlAxaGdSWXViTTgyNFVDa1gtRjVTeHRHbDBoX09vaHpkTWtPSXRQcy1URzlZNzQ1RF90VWUyQlFCSmVucDc1OC1JUVBDY0wxN3FDaGM1WVZsZ0xRNE56UmVwVWxqdjVkelZHYnJjd3pybm9zekJZMGhSd1dGcFVjWDRDU2JoS2lydlE?oc=5,zone
2026-10-07 09:39,UE,STT Info,EXPERTS: RESTORATION WILL NOT SAVE NATURE,Solutions fondées sur la nature,"Tue, 06 Oct 2026 08:45:39 GMT",https://news.google.com/rss/articles/CBMirgFBVV95cUxPNTVIZWlEbHBLbXUtOE1uZWY0ZV9CcXZ1VV9VVGVyNkV3XzlMWFZZWUc3YmkycmEwcTBMNmlWRkt1NHlYUUtFWlFxVzVsZmxVY0d4T3R4a1VpemkxNG9pZ3V5azFCSFpubWsxZm5uTVlhZVI2UUl6MTJVWUw3ZTkxSGNnWHplNEVPZmRDa1dFak1SNVg1Umw3MWNlRUtkOGZVTW5fbUtYdGN4Z3AydWc?oc=5,zone
2026-10-07 09:39,UE,fundsforNGOs - Grants and Resources for Sustainability,Apply for First FOREST Partnership Joint Call,Autres signaux,"Tue, 06 Oct 2026 03:39:38 GMT",https://news.google.com/rss/articles/CBMikAFBVV95cUxOMXEteF9rN0htT0JCcnRLM09SLVNUWjNJZHFhTGhOeTV3NGFpX2hlQnVfSW16aktzcWw2YS1tMnpJNHB4UlVSZUFaLVVUN002dDN0cHdTZFlFLVZyNHpocmNNSWxKU3lUSjRQLVNENlA1bVF1WW9iVTN4Zlhpa3lUZkQ1bF9rOVEzOVlmYnhoX0XSAZYBQVVfeXFMT1o4ZDlXNmlXNFoxVkJQdzMwUXM4R1I3ekRGaEpuNEtXYXRNQk5DQ2cyQjBDZmlRVXB2WGJ0ZUY0M0RkbFktZUhEeTBUQXduckdYNnVQRC0yUWxjc0t2Z2EwaXVQNURteW1QazlMbE9xZ2oxWTEyTzhaSEV0OGN2MTd5bDRRc1R3aXBFOWRUQTM1MUE4SS1n?oc=5,zone
2026-10-07 09:39,CH,finews.ch,"Sustainable Finance: Klimawandel, Immobilien und mehr Biodiversität",Autres signaux,"Fri, 02 Oct 2026 09:23:00 GMT",https://news.google.com/rss/articles/CBMi4gFBVV95cUxPc3hibXp5QlNKZTdNRlVFQ3prYUVOd25meTNfb2dPSmFkeGdtUXZqRTV0Y3VmOWV5QjEtQnVCT2tPM3d6M19sekJtZk5LU1B2ck5fWHhKV05hX0xNa25LMFZEM1Z5ZVBsR0xxLTJyYkl3WlVOYWdCczJCcGczdVVQdTMyRkFiblAtVFB5T2k3cDZQNUkySUJucTBPaXdpb2NXWmlPVExsdElBVlQzQVdlQ056bE42WDFYMTlZeHNNZ1VKd1IyN25OcVVSNzZPTHpJNnFCbDlCaDFtNnFtTDExZzh3?oc=5,zone
2026-10-07 09:39,UK,ESG News,Thailand Raises $750 Million in Asia-Pacific’s First Sovereign Nature-Linked Bond,Instruments et marchés,"Mon, 05 Oct 2026 23:55:37 GMT",https://news.google.com/rss/articles/CBMiogFBVV95cUxOcDVfM3ZWczNDRXA4cHRVUndwdEV3T0EydXdULXhrdm42c3hWU2xjMWdUSjVoaG1iaDBJVk1iZUd0bjlIamF4VlBMamYzSFJNMG1uZkw5NVhEMU51THc3YmtyYmloQ3Fva1kzOFVaYjY3ZTB3N014UEFSVFprQ21oaEVBMmh4cHViYjNVR3RZbUtQTDNPN0FKTllrUFZjd0UtcUE?oc=5,zone
2026-10-07 09:39,UK,Africa Sustainability Matters,Central African Republic’s $10 million forest payments scheme tests a new model for nature finance,Autres signaux,"Mon, 05 Oct 2026 13:07:31 GMT",https://news.google.com/rss/articles/CBMi0wFBVV95cUxOb1licWZScGxJR1VaZDA4ZlRYVV8wT01VdnVabUhjYWstYXB6RGY0M1BRQ0haVjk0QV9OZXA4SmhPb0JnVGh1VWNnRjFNeUIyYUZYVHdnUHVmNXA4cUFvOHdHaFdzaUtQNG56RWstS2dMV2F3bVpVc3cyNXVSMUx5SG5DcVNwSU5kbXlYZDdERXd1WHJhUkxtblZoRlJodWZyU1BiNERndFRCY1h3SFVRZ2VNVHR1T1lBcnNQbEFMazFXU0F2Ry12TUlaUnVXd1ZFa2Rv?oc=5,zone
2026-10-07 09:39,UK,Traders Union,"South African Reserve Bank calls for broader climate, nature risk tools in finance",Risques et dépendances,"Thu, 01 Oct 2026 08:26:25 GMT",https://news.google.com/rss/articles/CBMiqAFBVV95cUxQdm1WMk9ETHMybWIteXdxdHZvUjVENUFpRDFMdkZwc0JRQ0dnXzhzbWhCOHZBaEg2VnlRYVI3R240aUVrNWJhZDRiNnhqc1JZYU56R245d3QzUmpzemZRSDNaZVVJWW1lQ0ZyY09yM2ZWYkhKNktsMXd3LU9oOGROMm93eW1NUkNHa0d2WTZjcGhxSk02M0ppWkhWWkRUTl9maG91WEtreE4?oc=5,zone
2026-10-07 09:39,UK,Reccessary,Op-ed: Biodiversity credits shouldn’t copy the carbon market playbook,Instruments et marchés,"Wed, 07 Oct 2026 02:51:43 GMT",https://news.google.com/rss/articles/CBMigwFBVV95cUxQTzR0cFpsOGJJWnI4aHljd25vUm1udzlncWxVOUFIOXd1ZUNFYmVISTlkRGVFeFM5cWhsdGVJczlWUkZIeldfUzVWejhYN0lJcGhxclliQ0FwajJZbDJZQURYUFlTSXpTS2pHTmREWW96dGRqQldqZVZJbVZ6UlpnUUNsZw?oc=5,zone
2026-10-07 09:39,UK,Nature,Ecological baselines and shared governance structure variation among voluntary biodiversity credit schemes,Instruments et marchés,"Sat, 03 Oct 2026 21:28:51 GMT",https://news.google.com/rss/articles/CBMiX0FVX3lxTE0zMjB5Mmp2a0NUVzdLSTE2bG1sTXVCTUcxY0pRTkZrZW5McVdCQk92WlV4V0FRZkstUmJZVnNVSzd6SldWbGtEZHJBZVc5Y0dUcVdTaDZfN0pVektfVU5n?oc=5,zone
2026-10-07 09:39,UK,UA.NEWS,Darién communities record more than 200 species for biodiversity credit market — Mongabay,Instruments et marchés,"Wed, 30 Sep 2026 21:39:29 GMT",https://news.google.com/rss/articles/CBMiowFBVV95cUxPRk81UEVyYmVYYk40cXVCaW0tSkotMzFmbGltbFNlOHFjNzRxVFdiZldsX1NteVozT0ZWeXVkOGpCVmFnVjVUR0Q4M0liemJic3piT1N5d3NON3BXT0x2eDRkTUtPazl4SXZQblF6T2M1LWtIRFJPNkVMR0JMTlFqbHNzSHdEcm1OQ1Uza1J1clUxTkVKOEhiSkM0Yk5QX2c3ODZn?oc=5,zone
2026-10-07 09:39,UK,African Development Bank Group,Africa Policy Forum on Natural Capital,Autres signaux,"Thu, 01 Oct 2026 21:17:58 GMT",https://news.google.com/rss/articles/CBMi-gFBVV95cUxNWTNBTnZHQXhMMElWTGw0WWpvczRaVi1INHNoLUcwb2RjeW5JM3pxUk54cGItczNNVEpSMUFETU1GdnJ1NzE2YkxuendGMWhta2FfVzRtZVpGdm42U241UzRBNWNHWjhKRGtDVGxwekxFeHBKdndBZHBibHllNXZaekZWUTg4d3lMV1Uya0ZnYVExX2FwblpOa3huOGNiekpURHdrZm9ub1FUV2M0dW5xOXZpczI5NzZURWNSOFlyS3dSLVg3Z2pVdlBRWEc5RkFGSWtScEdxUktTVDgxdkNhZVh3OUZ1NVN0WExBSGdyNm4xcm95c2xuYVZR?oc=5,zone
2026-10-07 09:39,UK,African Development Bank Group,African Development Bank Group to champion biodiversity finance and nature-positive development at CBD COP17,Cadre mondial et science,"Tue, 06 Oct 2026 16:34:31 GMT",https://news.google.com/rss/articles/CBMilwFBVV95cUxOei1SMFFqcFFmV1RvRnFKWGlEcUhKUElQdGJERUxkNWdfX0xvYUdQNVZ3WlFsVW94ck9Ib0ZxZm9pbndLX251bndnSXZuYXd6RFdYRnJfUUR3Vm1ZOHhxOTJrVkF1WFZmQUFYLV8wOHFyVHROZENLdzRWWi0yWGhVNkY2UzNGOGtqODRkdGp3eUk1V1UzQ0hv?oc=5,zone
2026-10-07 09:39,UK,Open Access Government,New Horizon Europe research call allocates €230 million towards nature and biodiversity,Autres signaux,"Tue, 06 Oct 2026 10:38:52 GMT",https://news.google.com/rss/articles/CBMizAFBVV95cUxORzRMRDMtUGhCcjdFcmd5T3BreHVNR2hiYVdVVDUzZm9CRGUzTnRZdHVzdVJZUXhPckNMeE5Lc2VjbW43QWluSEp2NEZ3YXZfNW5FRDlXLXpSYUtiLXpBaGxSbktJWElwa0VjbnJlZUwxNTByX2VCbkFiTE8wV0REeWVUZWZ2Vkd3TFk4aTUyRThhSkJYODdoWmRkV1pjRDVNdVJKREk2RnppOWtvOWE4dFZUQjVSY0lrRjIzTFJCZkdudjlKMUtvVEZkdzk?oc=5,zone
